<?xml version="1.0"?>
<information>
<target>
 <name>redb</name>
 <type>host</type>
    <metrics>
        <name>metric one 1</name>
        <timestamp>2018-11-30T18:35:24.00Z</timestamp> 
        <value>1</value> 
    </metrics> 
    <metrics>
        <name>metric one a</name>
        <timestamp>2018-11-30T18:35:24.00Z</timestamp> 
        <value>2</value>  
    </metrics>
</target>
<target>
 <name>mydatabase</name>
 <type>oracle_database</type>
    <metrics>
        <name>metric one q</name>
        <timestamp>2018-11-30T18:35:24.00Z</timestamp> 
        <value>1</value> 
    </metrics> 
    <metrics>
        <name>metric one g</name>
        <timestamp>2018-11-30T18:35:24.00Z</timestamp> 
        <value>2</value>  
    </metrics>
</target>
</information>